City,Min_AQI,Max_AQI,Avg_AQI,Q1,Median,Q3
Ahmedabad,48.0,2049.0,452.12,231.0,384.0,543.0
Delhi,29.0,716.0,259.49,161.0,257.0,346.0
Patna,53.0,619.0,240.78,131.0,215.0,343.0
Gurugram,38.0,891.0,225.12,123.0,208.0,321.0
Lucknow,39.0,707.0,217.97,111.0,198.0,322.0
Talcher,13.0,570.0,172.89,102.0,128.0,238.0
Jorapokhar,27.0,604.0,159.25,106.0,133.0,187.0
Brajrajnagar,22.0,355.0,150.28,103.0,122.0,188.0
Kolkata,26.0,475.0,140.57,60.0,94.0,207.0
Guwahati,25.0,956.0,140.11,52.0,98.0,212.0
Jaipur,43.0,457.0,133.68,96.0,122.0,159.0
Bhopal,37.0,312.0,132.83,98.0,120.0,151.0
Amritsar,20.0,869.0,119.92,73.0,101.0,137.0
Visakhapatnam,23.0,387.0,117.27,83.0,106.0,134.0
Chennai,30.0,449.0,114.5,78.0,100.0,136.0
Hyderabad,22.0,737.0,109.21,75.0,104.0,130.0
Mumbai,40.0,307.0,105.35,68.0,91.0,135.0
Kochi,51.0,277.0,104.28,84.0,98.0,118.0
Chandigarh,26.0,335.0,96.5,61.0,82.0,109.0
Amaravati,24.0,312.0,95.3,55.0,78.0,115.0
Bengaluru,20.0,352.0,94.32,67.0,86.0,111.0
Ernakulam,55.0,180.0,92.36,78.0,94.0,103.0
Thiruvananthapuram,32.0,230.0,75.88,57.0,68.0,89.0
Coimbatore,26.0,120.0,73.02,63.0,75.0,85.0
Shillong,14.0,182.0,53.8,33.0,48.0,68.0
Aizawl,18.0,92.0,34.77,20.0,23.0,51.0
