City,Month,Avg_AQI
Ahmedabad,1,584.37
Ahmedabad,2,637.28
Ahmedabad,3,524.3
Ahmedabad,4,402.96
Ahmedabad,5,275.77
Ahmedabad,6,285.02
Ahmedabad,7,364.71
Ahmedabad,8,382.65
Ahmedabad,9,377.02
Ahmedabad,10,528.18
Ahmedabad,11,690.53
Ahmedabad,12,443.58
Aizawl,3,65.35
Aizawl,4,39.23
Aizawl,5,24.19
Aizawl,6,20.86
Aizawl,7,20.0
Amaravati,1,159.7
Amaravati,2,95.86
Amaravati,3,70.77
Amaravati,4,59.38
Amaravati,5,85.01
Amaravati,6,68.08
Amaravati,7,57.67
Amaravati,8,60.87
Amaravati,9,80.81
Amaravati,10,79.29
Amaravati,11,123.15
Amaravati,12,160.46
Amritsar,1,119.75
Amritsar,2,116.69
Amritsar,3,93.85
Amritsar,4,87.83
Amritsar,5,114.59
Amritsar,6,127.47
Amritsar,7,79.76
Amritsar,8,74.91
Amritsar,9,96.56
Amritsar,10,169.57
Amritsar,11,206.8
Amritsar,12,161.63
Bengaluru,1,111.73
Bengaluru,2,109.51
Bengaluru,3,108.3
Bengaluru,4,101.22
Bengaluru,5,84.74
Bengaluru,6,71.8
Bengaluru,7,93.96
Bengaluru,8,81.7
Bengaluru,9,78.46
Bengaluru,10,97.49
Bengaluru,11,94.45
Bengaluru,12,102.06
Bhopal,1,160.52
Bhopal,2,128.62
Bhopal,3,109.71
Bhopal,4,113.78
Bhopal,5,104.45
Bhopal,6,71.67
Bhopal,7,69.0
Bhopal,9,73.85
Bhopal,10,135.32
Bhopal,11,205.6
Bhopal,12,185.52
Brajrajnagar,1,211.34
Brajrajnagar,2,190.0
Brajrajnagar,3,202.74
Brajrajnagar,4,152.55
Brajrajnagar,5,127.36
Brajrajnagar,6,110.62
Brajrajnagar,7,90.44
Brajrajnagar,8,84.12
Brajrajnagar,9,94.97
Brajrajnagar,10,106.61
Brajrajnagar,11,169.02
Brajrajnagar,12,182.97
Chandigarh,1,94.06
Chandigarh,2,93.38
Chandigarh,3,55.42
Chandigarh,4,44.59
Chandigarh,5,74.13
Chandigarh,6,66.5
Chandigarh,7,66.0
Chandigarh,9,85.16
Chandigarh,10,140.23
Chandigarh,11,168.47
Chandigarh,12,139.65
Chennai,1,128.1
Chennai,2,117.61
Chennai,3,117.19
Chennai,4,105.41
Chennai,5,115.34
Chennai,6,107.83
Chennai,7,108.22
Chennai,8,105.16
Chennai,9,118.84
Chennai,10,120.99
Chennai,11,118.9
Chennai,12,112.18
Coimbatore,1,76.43
Coimbatore,2,83.96
Coimbatore,3,78.27
Coimbatore,4,84.82
Coimbatore,5,57.93
Coimbatore,6,48.55
Coimbatore,7,67.5
Coimbatore,8,76.81
Coimbatore,9,87.72
Coimbatore,10,94.28
Coimbatore,11,71.17
Coimbatore,12,70.7
Delhi,1,360.39
Delhi,2,298.83
Delhi,3,222.62
Delhi,4,248.44
Delhi,5,258.69
Delhi,6,199.42
Delhi,7,137.57
Delhi,8,134.44
Delhi,9,157.43
Delhi,10,312.33
Delhi,11,401.95
Delhi,12,371.21
Ernakulam,1,136.86
Ernakulam,2,96.17
Ernakulam,3,84.04
Ernakulam,4,70.1
Ernakulam,5,97.23
Ernakulam,6,103.81
Ernakulam,7,111.0
Gurugram,1,311.42
Gurugram,2,244.89
Gurugram,3,187.56
Gurugram,4,215.85
Gurugram,5,220.09
Gurugram,6,224.59
Gurugram,7,148.13
Gurugram,8,107.06
Gurugram,9,119.0
Gurugram,10,243.78
Gurugram,11,338.91
Gurugram,12,313.18
Guwahati,1,291.65
Guwahati,2,239.65
Guwahati,3,208.55
Guwahati,4,116.88
Guwahati,5,80.85
Guwahati,6,49.6
Guwahati,7,74.53
Guwahati,8,121.0
Guwahati,9,48.23
Guwahati,10,99.2
Guwahati,11,140.4
Guwahati,12,268.9
Hyderabad,1,140.18
Hyderabad,2,123.73
Hyderabad,3,110.32
Hyderabad,4,108.51
Hyderabad,5,107.1
Hyderabad,6,91.01
Hyderabad,7,79.53
Hyderabad,8,81.56
Hyderabad,9,88.91
Hyderabad,10,125.18
Hyderabad,11,126.73
Hyderabad,12,129.12
Jaipur,1,151.01
Jaipur,2,142.71
Jaipur,3,110.58
Jaipur,4,131.17
Jaipur,5,142.55
Jaipur,6,123.46
Jaipur,7,93.3
Jaipur,8,92.53
Jaipur,9,100.22
Jaipur,10,166.21
Jaipur,11,193.64
Jaipur,12,154.38
Jorapokhar,1,216.76
Jorapokhar,2,171.9
Jorapokhar,3,155.15
Jorapokhar,4,123.96
Jorapokhar,5,127.95
Jorapokhar,6,127.7
Jorapokhar,7,87.98
Jorapokhar,8,112.57
Jorapokhar,9,84.67
Jorapokhar,10,165.73
Jorapokhar,11,260.28
Jorapokhar,12,241.54
Kochi,1,156.11
Kochi,2,121.07
Kochi,3,129.17
Kochi,4,77.03
Kochi,5,84.72
Kochi,6,93.87
Kochi,7,102.0
Kolkata,1,288.89
Kolkata,2,231.3
Kolkata,3,140.31
Kolkata,4,78.46
Kolkata,5,70.85
Kolkata,6,62.31
Kolkata,7,56.59
Kolkata,8,62.19
Kolkata,9,64.72
Kolkata,10,144.29
Kolkata,11,244.3
Kolkata,12,273.58
Lucknow,1,331.85
Lucknow,2,279.1
Lucknow,3,214.1
Lucknow,4,185.7
Lucknow,5,190.89
Lucknow,6,152.87
Lucknow,7,101.58
Lucknow,8,97.81
Lucknow,9,105.25
Lucknow,10,242.86
Lucknow,11,369.5
Lucknow,12,357.75
Mumbai,1,167.08
Mumbai,2,154.6
Mumbai,3,114.06
Mumbai,4,86.2
Mumbai,5,77.06
Mumbai,6,69.02
Mumbai,7,67.02
Mumbai,8,69.26
Mumbai,9,72.65
Mumbai,10,107.39
Mumbai,11,145.16
Mumbai,12,167.66
Patna,1,366.31
Patna,2,283.76
Patna,3,228.62
Patna,4,175.53
Patna,5,167.03
Patna,6,127.37
Patna,7,101.28
Patna,8,113.03
Patna,9,124.97
Patna,10,238.38
Patna,11,369.56
Patna,12,396.04
Shillong,1,68.62
Shillong,2,93.58
Shillong,3,67.87
Shillong,4,75.75
Shillong,5,32.45
Shillong,6,32.68
Shillong,7,24.0
Shillong,8,36.0
Shillong,9,40.89
Shillong,10,54.0
Shillong,11,29.14
Talcher,1,295.31
Talcher,2,280.38
Talcher,3,198.3
Talcher,4,137.85
Talcher,5,115.62
Talcher,6,105.63
Talcher,7,104.6
Talcher,8,103.79
Talcher,9,56.72
Talcher,10,86.93
Talcher,11,265.25
Talcher,12,258.33
Thiruvananthapuram,1,114.56
Thiruvananthapuram,2,90.7
Thiruvananthapuram,3,83.0
Thiruvananthapuram,4,68.61
Thiruvananthapuram,5,65.2
Thiruvananthapuram,6,49.71
Thiruvananthapuram,7,53.21
Thiruvananthapuram,8,63.47
Thiruvananthapuram,9,59.89
Thiruvananthapuram,10,67.17
Thiruvananthapuram,11,88.31
Thiruvananthapuram,12,102.96
Visakhapatnam,1,187.01
Visakhapatnam,2,143.75
Visakhapatnam,3,103.87
Visakhapatnam,4,79.91
Visakhapatnam,5,89.1
Visakhapatnam,6,95.85
Visakhapatnam,7,94.17
Visakhapatnam,8,93.0
Visakhapatnam,9,93.73
Visakhapatnam,10,116.92
Visakhapatnam,11,124.56
Visakhapatnam,12,145.09
